<?xml version="1.0" encoding="UTF-8" standalone="yes"?>
<addon id="repository.boognish" name="Boognish Repo" version="1.0.0" provider-name="Boognish">
    <extension point="xbmc.addon.repository" name="Example Repository">
        <dir>
            <info compressed="false">https://raw.githubusercontent.com/zosoleary/zosoleary.github.io/main/repo/zips/addons.xml</info>
            <checksum>https://raw.githubusercontent.com/zosoleary/zosoleary.github.io/main/repo/zips/addons.xml.md5</checksum>
            <datadir zip="true">https://raw.githubusercontent.com/zosoleary/zosoleary.github.io/main/repo/zips/</datadir>
        </dir>
    </extension>
    <extension point="xbmc.addon.metadata">
        <summary>Boognish Repo</summary>
        <description>For friends of T</description>
        <disclaimer></disclaimer>
        <platform>all</platform>
        <assets>
            <icon>icon.png</icon>
            <fanart>fanart.jpg</fanart>
        </assets>
    </extension>
</addon>
